Robert,Guzman,74953286628,AC03BXC
Alice,Lewis,74951689713,AE03MUU
Edward,Sanders,74955430992,AF07YEG
Pedro,Baker,74953369361,WXG845J
Sharon,Smith,74958935118,WVW293I
Barbara,Baker,74958625767,WT20CUL
Mary,Lynch,74950049963,WRL464I
Charles,Flores,74950923530,T170TTN
Curtis,Ross,74953394577,T240FDH
Willie,Collier,74954082655,T378BRW
Sandra,Clark,74956976609,O515RLL
Michael,Cruz,74959205609,O612EWF
Darlene,Williams,74953849622,J764RPV
Lester,Jones,74952129787,J673DTL
Agnes,Taylor,74958404401,J638JAL
Scott,Medina,74952198188,RMX120L
Dustin,Miller,74956252473,RL17FUX
Kyle,Parks,74959576441,RT03AJL
Jack,Cooper,74959164288,RTX872J
David,Obrien,74959731517,BFU704H
Judy,Jenkins,74953358086,BH06ABF
Kimberly,Wells,74953478980,BHN929G
Clarence,Brown,74950722516,BHU312C
William,Brown,74958074156,BHW386F
Denise,Crawford,74958149019,BHW394D
Jeff,Shaw,74955724523,BJ09NCX
James,Nelson,74950686752,BJ10CHL
John,Ross,74955906572,BJ15LJE
Shane,Thomas,74959639733,BJ17BHD
Barbara,Scott,74950576812,BJ18EUR
Marcus,Gross,74958145662,BJ20LYH
Norma,Ortiz,74956282006,BJE331I
Joseph,Smith,74957984317,BJF284J
Debra,Hoffman,74956505733,BJG688J
Alice,Brown,74954810432,BJH363L
Carl,Wilson,74956136195,BJP307G
Daniel,Myers,74959433517,BJT609H
Charlotte,Nguyen,74957875210,BJY750H
Marian,Stephens,74959274605,BK01UYM
John,Sanchez,74951993942,BK04VFY
Mary,Evans,74958624896,BK07EFX
Lisa,Vasquez,74958400517,BK09EJU
Robert,Santiago,74953499542,BK09RUA
Kathryn,Rodriquez,74954193622,BK16BVD
Joseph,Jones,74958496362,BKM273L
Mark,Martin,74950325490,BL10YLG
Marsha,Jenkins,74954989406,BL16PXY
Darrell,Barber,74952528843,BLD416J
Thomas,Patterson,74958332954,BLG708F
Elizabeth,Palmer,74959754662,BLW306C
